id,addr,cluster,demand_delivery,demand_pickup,x,y,is_depot,service_time,tw_open,tw_close
0,DEPOT.0,0,0,0,504746.8764841258,4793693.119147341,True,0,,
1,DEPOT.1,0,0,0,497262.6806760043,4785855.857504345,True,0,,
2,DEPOT.2,0,0,0,494294.7671377993,4796509.920245839,True,0,,
3,C.1,1,5,0,504650.5138502361,4794061.661313062,False,10,499.0,894.0
4,C.2,1,15,3,504763.70748648985,4794818.88330517,False,14,663.0,843.0
5,C.3,1,5,3,503652.7397098324,4796195.880282424,False,5,690.0,1122.0
6,C.4,1,10,0,502593.4947947113,4796074.4152941955,False,10,719.0,1131.0
7,C.5,1,15,3,503409.9242451393,4796085.228648034,False,5,518.0,937.0
8,C.6,1,5,3,503243.23147775524,4793771.284298631,False,10,658.0,856.0
9,C.7,1,5,0,503850.18914455094,4794873.603579125,False,7,491.0,925.0
10,C.8,1,10,0,505258.4250865519,4794681.827397943,False,12,686.0,1122.0
11,C.9,1,15,3,502372.291846203,4795667.714610729,False,10,702.0,1004.0
12,C.10,1,5,0,504119.60002738086,4795560.289587579,False,15,662.0,1092.0
13,C.11,1,15,3,502670.4180253786,4795344.012796892,False,5,685.0,882.0
14,C.12,1,5,0,503058.4436986127,4798116.380746504,False,9,490.0,1126.0
15,C.13,1,20,0,504616.9889031342,4794808.532703827,False,12,633.0,1080.0
16,C.14,1,20,0,502518.56593596115,4794668.112296718,False,7,521.0,867.0
17,C.15,1,10,0,504827.59314764355,4793769.400395596,False,10,634.0,1082.0
18,C.16,1,10,3,502323.90266405034,4793312.083208885,False,9,490.0,947.0
19,C.17,1,10,0,504746.8764841258,4793693.119147341,False,10,517.0,949.0
20,C.18,1,10,3,502087.06247650576,4794295.081689468,False,14,577.0,914.0
21,C.19,1,5,5,503205.1247848921,4796729.587713325,False,5,650.0,829.0
22,C.20,1,5,3,506222.2932597555,4795204.496685234,False,11,498.0,1119.0
23,C.21,1,5,3,505996.7556437203,4795389.4968003435,False,13,671.0,1126.0
24,C.22,1,10,0,503451.4704169794,4795041.972030157,False,6,613.0,913.0
25,C.23,1,5,0,504414.4527032359,4795595.861191626,False,14,653.0,1126.0
26,C.24,1,10,3,505391.38162266184,4796839.9865766615,False,9,595.0,916.0
27,C.25,1,20,0,504764.05540930456,4792764.7829964785,False,14,709.0,1024.0
28,C.26,1,5,3,503618.3429042542,4796619.504778703,False,8,592.0,888.0
29,C.27,1,10,0,503048.1376231564,4792139.453856958,False,10,649.0,1092.0
30,C.28,1,10,3,504988.2237715495,4795191.343253827,False,10,699.0,1066.0
31,C.29,1,15,5,505303.3439703374,4797787.788825694,False,15,544.0,800.0
32,C.30,1,15,5,506005.34220127325,4795974.289527438,False,6,578.0,869.0
33,C.31,1,15,3,501921.8006918563,4795605.170722385,False,6,711.0,1075.0
34,C.32,1,20,3,502442.75025415875,4797559.835160163,False,8,551.0,891.0
35,C.33,1,5,3,505340.8083225765,4794313.824522398,False,5,666.0,1080.0
36,C.34,1,15,3,502084.66334389977,4795678.260906958,False,13,531.0,856.0
37,C.35,1,10,0,505432.7599458943,4795851.240516969,False,11,597.0,956.0
38,C.36,1,5,0,503688.58099281753,4794530.617438927,False,11,654.0,1122.0
39,C.37,1,20,0,503321.403416796,4794636.567784605,False,7,599.0,927.0
40,C.38,1,5,10,504193.01431552577,4794504.964680132,False,15,486.0,880.0
41,C.39,1,10,0,502332.0578573174,4795262.27796881,False,7,490.0,1025.0
42,C.40,1,5,3,504935.31779671804,4795813.529926926,False,5,582.0,896.0
43,C.41,1,10,3,505974.06439723365,4795305.376327498,False,7,540.0,871.0
44,C.42,1,10,3,504991.1914589771,4796008.854180916,False,7,547.0,807.0
45,C.43,1,10,3,503650.689568935,4792794.523256832,False,8,632.0,804.0
46,C.44,1,10,0,502100.8571506815,4794895.598603508,False,8,619.0,837.0
47,C.45,1,5,3,502146.9950525565,4793929.3968275795,False,7,633.0,1076.0
48,C.46,1,15,5,502350.9280373128,4795519.5670152195,False,14,581.0,913.0
49,C.47,1,5,0,503931.76606746524,4795501.800914407,False,12,589.0,1110.0
50,C.48,1,10,0,504082.58007592714,4795018.753462051,False,12,619.0,1028.0
51,C.49,1,15,3,504988.6322128892,4795769.834812638,False,5,650.0,817.0
52,C.50,1,15,5,501791.2652162203,4796354.875261917,False,11,530.0,854.0
53,C.51,1,10,0,505519.9522764709,4795084.875373232,False,15,596.0,921.0
54,C.52,1,10,3,504779.7875827344,4793895.46613428,False,6,644.0,1101.0
55,C.53,1,15,5,503554.29644832545,4793259.990914897,False,5,525.0,947.0
56,C.54,1,15,0,502518.7861499215,4795200.832210396,False,7,532.0,1038.0
57,C.55,1,10,10,505445.4687700293,4795447.740041817,False,8,567.0,1134.0
58,C.56,1,5,3,503586.38724651514,4793994.071332576,False,10,687.0,1004.0
59,C.57,1,5,3,503922.4773207867,4796028.420187796,False,14,600.0,931.0
60,C.58,1,5,3,504406.83436494553,4794606.751737011,False,9,492.0,798.0
61,C.59,2,10,0,497693.68056179467,4786712.553882063,False,8,568.0,925.0
62,C.60,2,5,0,501189.1236108143,4788509.809707477,False,12,604.0,1020.0
63,C.61,2,10,0,501054.1855030426,4789210.696193598,False,15,597.0,1123.0
64,C.62,2,5,0,497262.6806760043,4785855.857504345,False,8,533.0,1016.0
65,C.63,2,5,0,499006.2796620156,4788136.391710609,False,14,664.0,814.0
66,C.64,2,15,5,498959.4995823029,4786505.795644372,False,6,595.0,969.0
67,C.65,2,10,5,501648.786391301,4786543.09370797,False,7,597.0,780.0
68,C.66,2,5,3,499562.24874795,4787973.863465707,False,10,483.0,932.0
69,C.67,2,15,5,497886.3461623335,4786151.616681144,False,12,554.0,905.0
70,C.68,2,5,3,500739.9257386891,4787949.823120929,False,12,703.0,1124.0
71,C.69,2,10,0,498204.4693450807,4788261.236027812,False,15,528.0,1005.0
72,C.70,2,10,0,499368.9914111339,4786866.0612859605,False,13,486.0,1000.0
73,C.71,2,5,3,498757.67734654294,4788977.593722416,False,11,589.0,990.0
74,C.72,3,15,3,499279.3104655262,4800189.856968503,False,6,601.0,804.0
75,C.73,3,10,0,502421.18742873403,4796462.757313654,False,12,490.0,795.0
76,C.74,3,10,3,498473.91508461785,4795555.4314123355,False,11,571.0,961.0
77,C.75,4,5,0,503667.293709776,4795066.519125018,False,12,661.0,1108.0
78,C.76,4,5,3,502690.7264688507,4796469.182303936,False,7,712.0,908.0
79,C.77,4,15,5,504410.85835862544,4795847.943552631,False,11,694.0,821.0
80,C.78,4,5,3,505587.6887977642,4792236.817292143,False,14,652.0,1115.0
81,C.79,4,10,10,502754.352528732,4795380.420990504,False,13,502.0,1015.0
82,C.80,4,10,5,504641.7790870088,4795440.414558882,False,7,507.0,1139.0
83,C.81,4,10,5,502107.2175573251,4795135.600041759,False,14,714.0,813.0
84,C.82,4,5,5,505186.0456798743,4794424.432130118,False,10,590.0,1124.0
85,C.83,4,5,5,504445.9836403131,4796590.938249407,False,6,536.0,824.0
86,C.84,4,10,3,505237.9199855964,4796650.340737762,False,6,505.0,913.0
87,C.85,4,5,0,503799.6837168307,4792513.707447009,False,9,632.0,800.0
88,C.86,4,5,0,503424.3120825743,4794199.94862671,False,9,533.0,901.0
89,C.87,4,5,3,504925.8409232688,4794983.823218457,False,11,508.0,849.0
90,C.88,4,10,0,502376.8417741299,4796295.70984446,False,6,690.0,1131.0
91,C.89,4,15,0,501855.1108019197,4795199.32345167,False,15,576.0,1140.0
92,C.90,4,5,10,503940.54561915196,4794337.187439802,False,11,643.0,827.0
93,C.91,4,5,5,503478.98407176946,4796008.940292769,False,9,493.0,818.0
94,C.92,4,5,5,504611.09999813786,4794903.896697339,False,10,557.0,1066.0
95,C.93,4,10,0,505256.3617091768,4795016.618969014,False,12,514.0,789.0
96,C.94,4,10,0,504586.11689498136,4795124.909879915,False,14,509.0,809.0
97,C.95,4,10,0,505160.7839741921,4795846.670129006,False,8,571.0,1023.0
98,C.96,4,10,0,504331.76279999857,4794787.240477991,False,11,496.0,1053.0
99,C.97,4,10,0,504540.0148979853,4795981.835791177,False,10,674.0,867.0
100,C.98,4,15,0,503806.51134820125,4795069.817237912,False,14,687.0,1023.0
101,C.99,4,15,5,504504.55455321824,4793877.080096299,False,6,717.0,1108.0
102,C.100,4,5,3,504146.48339427623,4795113.368433165,False,12,637.0,794.0
103,C.101,4,5,0,504336.7121558349,4793939.243916226,False,14,572.0,783.0
104,C.102,4,5,0,503746.4311602958,4795206.684147731,False,13,652.0,970.0
105,C.103,4,5,3,504917.2150405656,4796152.868715078,False,9,558.0,947.0
106,C.104,4,20,0,503093.9569401981,4793869.145192797,False,14,589.0,788.0
107,C.105,4,10,5,503924.4811749151,4795594.6280869655,False,8,696.0,888.0
108,C.106,4,5,0,505520.6406802491,4794162.655049976,False,10,658.0,916.0
109,C.107,4,10,0,502808.03381249466,4795399.5406719,False,12,581.0,933.0
110,C.108,4,10,0,501352.28544589685,4796189.745090425,False,15,585.0,988.0
111,C.109,4,5,0,504386.24859955756,4792602.084311068,False,7,526.0,1051.0
112,C.110,4,5,3,503638.1546115758,4793820.129007755,False,14,660.0,922.0
113,C.111,4,10,3,505159.5346884462,4794714.724665868,False,15,543.0,878.0
114,C.112,4,10,3,503789.8819041236,4795535.548587018,False,15,645.0,1087.0
115,C.113,4,5,0,503221.29311412404,4794957.84000477,False,5,543.0,848.0
116,C.114,5,5,3,499626.34306162293,4786425.827108606,False,8,566.0,1026.0
117,C.115,5,10,3,502132.9814304215,4787738.529690945,False,8,696.0,1040.0
118,C.116,5,5,5,498226.45126538095,4785324.105119031,False,5,713.0,1055.0
119,C.117,5,10,0,501043.9820196353,4786736.915933951,False,13,486.0,858.0
120,C.118,5,10,0,499261.4262474147,4787761.9635611195,False,7,501.0,925.0
121,C.119,5,5,3,500340.76975099853,4786662.573576662,False,9,560.0,890.0
122,C.120,5,15,3,502236.13586689474,4787713.140095166,False,10,689.0,1037.0
123,C.121,5,10,0,500507.81362842256,4787369.038461216,False,12,720.0,872.0
124,C.122,5,5,0,500128.394851748,4788028.8000788735,False,10,648.0,792.0
125,C.123,5,10,0,501600.3468021793,4786876.061173566,False,7,553.0,1039.0
126,C.124,5,10,5,501031.15837351186,4786256.921302675,False,10,617.0,888.0
127,C.125,6,10,0,502580.4521914079,4797861.253199904,False,5,664.0,1109.0
128,C.126,6,5,5,500211.86390877207,4797650.86355325,False,8,614.0,968.0
129,C.127,6,20,3,501598.7127117406,4798803.631204414,False,10,719.0,874.0
130,C.128,6,10,5,502528.99643176707,4798084.432472416,False,11,604.0,884.0
131,C.129,6,5,5,501001.90399879706,4797774.079207382,False,15,529.0,787.0
132,C.130,6,5,0,499779.1321166682,4794294.327182368,False,15,709.0,846.0
133,C.131,6,5,5,500592.3680305432,4798386.473942163,False,14,698.0,970.0
134,C.132,6,15,0,502027.7490999281,4797049.896617139,False,7,531.0,1035.0
135,C.133,6,5,5,501054.19705488544,4797325.190016309,False,13,640.0,788.0
136,C.134,6,5,3,499360.5298493549,4797333.399827632,False,11,480.0,896.0
137,C.135,6,15,0,501522.67260024045,4797878.799292371,False,5,715.0,1046.0
138,C.136,6,5,3,501730.1377628612,4798296.810034562,False,6,660.0,878.0
139,C.137,6,5,10,500380.3257366585,4797711.289371671,False,5,667.0,1077.0
140,C.138,6,5,0,501538.99325072573,4797520.542707184,False,15,641.0,943.0
141,C.139,6,5,3,501100.7223145526,4797228.015287155,False,13,483.0,920.0
142,C.140,6,5,3,500569.7845536296,4792928.267379714,False,13,624.0,1047.0
143,C.141,6,10,5,499254.4571076876,4796605.09077666,False,11,611.0,816.0
144,C.142,6,5,0,502100.2446741269,4795820.29257918,False,14,650.0,853.0
145,C.143,7,5,0,498387.1874467269,4794344.339381277,False,7,697.0,852.0
146,C.144,7,10,0,497677.14463794354,4794300.822364037,False,9,483.0,1087.0
147,C.145,7,10,3,496384.5356153435,4794279.408614817,False,8,480.0,978.0
148,C.146,8,10,0,497947.9310677703,4787419.956126858,False,11,550.0,909.0
149,C.147,8,10,5,497687.8646080667,4788675.47696723,False,13,701.0,1025.0
150,C.148,9,5,0,496289.07236308657,4795320.4276024,False,6,657.0,1091.0
151,C.149,9,10,3,497298.43370110885,4793475.556592504,False,12,680.0,839.0
152,C.150,9,10,0,497815.41310061206,4793180.340925092,False,13,668.0,1058.0
153,C.151,9,5,0,495742.24615329935,4794754.616347685,False,14,514.0,882.0
154,C.152,9,15,0,496910.3294855361,4795793.71278718,False,14,487.0,1075.0
155,C.153,9,5,0,496134.47542247176,4795824.459034881,False,13,631.0,1099.0
156,C.154,9,10,3,498861.64339019754,4795201.00025267,False,14,690.0,1120.0
157,C.155,9,5,5,498809.25140823453,4794832.009805992,False,11,515.0,930.0
158,C.156,9,10,3,495743.48859215016,4795387.685202895,False,13,657.0,936.0
159,C.157,9,10,10,497397.3612597012,4793747.203382732,False,13,602.0,985.0
160,C.158,9,15,5,498215.41916097497,4796797.98543563,False,7,522.0,958.0
161,C.159,9,5,3,497952.2954004516,4796782.326101746,False,8,506.0,976.0
162,C.160,9,10,5,497032.17564198124,4795288.174777544,False,6,511.0,1002.0
163,C.161,9,10,3,498502.1689541172,4795010.360503991,False,14,557.0,868.0
164,C.162,9,10,0,495848.88237321266,4794279.8948328085,False,7,600.0,1066.0
165,C.163,9,10,3,496570.58846672636,4795408.098614959,False,15,625.0,1055.0
166,C.164,9,10,0,495881.1290962885,4793944.01915478,False,15,635.0,1015.0
167,C.165,9,10,3,497873.2921936407,4792105.265562805,False,9,636.0,962.0
168,C.166,9,5,3,496235.13575084065,4791516.6712394105,False,9,495.0,988.0
169,C.167,9,10,0,496728.8009894755,4793814.202000204,False,10,578.0,909.0
170,C.168,9,5,0,497675.50444191886,4794961.253747501,False,11,526.0,932.0
171,C.169,9,20,5,497772.1998965334,4795171.966080744,False,11,666.0,792.0
172,C.170,9,10,3,495845.7483844937,4794189.491589788,False,5,510.0,901.0
173,C.171,9,20,0,498202.28634052735,4794943.802200571,False,6,483.0,1138.0
174,C.172,10,5,3,496605.22597153456,4793899.811868718,False,13,644.0,999.0
175,C.173,10,15,3,495735.1246908198,4794592.597255272,False,14,496.0,885.0
176,C.174,10,15,3,496869.80658923707,4794489.200994727,False,6,518.0,849.0
177,C.175,10,10,10,497909.84853483876,4795195.146571309,False,10,527.0,974.0
178,C.176,10,10,3,495789.4259027044,4796801.472147951,False,15,653.0,965.0
179,C.177,10,5,0,495789.97446437634,4796165.349494346,False,15,697.0,878.0
180,C.178,10,15,5,495651.1992872574,4794321.302929503,False,5,655.0,861.0
181,C.179,10,10,5,494610.4775185902,4795424.5566338,False,7,518.0,854.0
182,C.180,10,5,0,496358.0571510236,4796278.828242287,False,6,712.0,1119.0
183,C.181,10,5,0,497791.20333554305,4795263.614197274,False,7,611.0,971.0
184,C.182,10,15,0,497142.9993006005,4794767.960714672,False,9,509.0,1104.0
185,C.183,10,15,3,496731.19893913245,4795308.800113601,False,15,637.0,993.0
186,C.184,10,20,3,497089.1777578882,4793929.674172924,False,14,501.0,1094.0
187,C.185,10,10,3,496347.522215085,4794104.862651074,False,10,682.0,1097.0
188,C.186,10,5,5,494596.8360352838,4793496.758917758,False,13,545.0,923.0
189,C.187,10,5,3,497874.7625381775,4795142.077419884,False,15,587.0,995.0
190,C.188,10,5,0,498219.6494885416,4794615.916512773,False,14,491.0,1140.0
191,C.189,11,5,0,499493.95832638233,4793925.813327595,False,8,701.0,1103.0
192,C.190,11,5,0,500284.6847060554,4793744.453103537,False,11,515.0,794.0
193,C.191,11,5,0,501045.69791291584,4793631.433594301,False,10,497.0,996.0
194,C.192,11,10,3,502779.3547671976,4793641.276598665,False,6,569.0,814.0
195,C.193,11,15,5,501696.18143764464,4795406.430269925,False,14,660.0,962.0
196,C.194,11,10,0,497740.7225710212,4794668.539909887,False,15,678.0,1049.0
197,C.195,11,15,3,500768.87016018445,4793222.341172503,False,15,480.0,1137.0
198,C.196,11,10,3,502196.88911525544,4795556.944704946,False,15,606.0,879.0
199,C.197,11,5,0,498876.2518105477,4793987.217288791,False,12,665.0,786.0
200,C.198,11,5,0,501143.5711242549,4794086.749111189,False,11,569.0,809.0
201,C.199,11,5,0,500197.72937736276,4792652.817104802,False,11,566.0,1084.0
202,C.200,11,5,0,501862.0486370994,4793060.601609914,False,12,569.0,923.0
203,C.201,11,10,5,500966.80863401614,4792831.395790487,False,15,716.0,890.0
204,C.202,11,5,0,499420.88145452895,4793760.887437992,False,5,613.0,1011.0
205,C.203,11,5,0,500240.67822605127,4794424.139695337,False,5,549.0,958.0
206,C.204,11,5,3,500311.66518874286,4794098.278759306,False,12,523.0,851.0
207,C.205,11,20,10,500333.886142228,4795563.252987283,False,8,679.0,989.0
208,C.206,11,10,0,501824.8155337303,4792592.290393746,False,9,631.0,999.0
209,C.207,11,10,0,499470.5560943317,4793795.442852247,False,12,565.0,859.0
210,C.208,11,5,0,501685.36157159344,4792118.072804841,False,9,498.0,862.0
211,C.209,11,10,0,500119.0003888942,4792551.354834076,False,14,580.0,821.0
212,C.210,12,10,0,505463.99405280617,4794230.656258822,False,8,625.0,1052.0
213,C.211,12,10,3,503390.7021602342,4794554.976395082,False,10,574.0,970.0
214,C.212,12,20,0,502982.46344472765,4795827.92915924,False,9,580.0,952.0
215,C.213,12,5,0,501390.52774930047,4795509.57274677,False,11,509.0,786.0
216,C.214,12,15,5,502970.4744226533,4795067.542058993,False,14,649.0,934.0
217,C.215,12,15,0,503700.16367096605,4793647.022020885,False,11,512.0,789.0
218,C.216,12,5,0,502317.61644825654,4793946.510052781,False,8,681.0,813.0
219,C.217,12,10,0,503631.15993322106,4795489.550852686,False,9,708.0,815.0
220,C.218,12,20,10,505471.2572727899,4796036.068676182,False,7,491.0,785.0
221,C.219,12,5,0,503097.733591606,4793825.925394575,False,8,597.0,994.0
222,C.220,12,10,5,502814.4403407561,4794149.709703057,False,8,573.0,913.0
223,C.221,12,20,3,502597.81823976187,4795318.522209013,False,7,634.0,1064.0
224,C.222,12,10,0,502576.38308898103,4795292.845435155,False,14,646.0,905.0
225,C.223,12,5,10,504589.19293626613,4793208.751349486,False,9,616.0,1116.0
226,C.224,12,10,0,504004.9024842597,4795351.375616128,False,9,628.0,953.0
227,C.225,12,5,0,505094.7282551307,4794439.458627724,False,15,555.0,931.0
228,C.226,12,10,5,506370.3054699851,4797126.755955675,False,11,508.0,1110.0
229,C.227,12,5,3,501750.03064170905,4795456.538251283,False,8,640.0,805.0
230,C.228,12,10,3,504402.5944501301,4795663.268139851,False,8,714.0,894.0
231,C.229,12,10,0,502604.15679867973,4795694.331162629,False,13,669.0,1063.0
232,C.230,12,10,0,504893.17915764014,4793700.7871432165,False,10,596.0,854.0
233,C.231,12,10,3,503620.20559871185,4797490.15227173,False,8,494.0,945.0
234,C.232,12,10,0,503979.287313037,4793210.006503059,False,6,481.0,968.0
235,C.233,12,10,0,502406.6870864842,4796112.343770039,False,10,659.0,857.0
236,C.234,12,5,0,503434.7875698642,4795899.896724977,False,6,710.0,869.0
237,C.235,12,10,0,504054.0947013299,4794585.097144105,False,9,596.0,955.0
238,C.236,12,5,5,505573.793776168,4795957.240380056,False,10,651.0,800.0
239,C.237,12,15,0,502993.0273671097,4794776.412161412,False,8,661.0,833.0
240,C.238,12,5,10,503285.6701141636,4794346.946266173,False,7,497.0,963.0
241,C.239,12,10,0,505079.6475706187,4795720.971003223,False,11,482.0,1138.0
242,C.240,12,10,3,502915.2916595608,4793949.626810694,False,6,614.0,1001.0
243,C.241,12,10,0,505317.362172769,4794888.393809491,False,15,650.0,1094.0
244,C.242,12,5,0,503935.5961103285,4794444.487901524,False,10,689.0,1107.0
245,C.243,12,10,0,504310.2475539102,4794754.324588512,False,8,715.0,958.0
246,C.244,12,10,0,504387.52676301124,4795676.774318956,False,10,645.0,1055.0
247,C.245,12,10,3,503207.0353359121,4794444.260353184,False,8,644.0,891.0
248,C.246,12,5,10,504414.3641833669,4794926.7113043135,False,8,665.0,1003.0
249,C.247,13,10,3,499077.6256977181,4787570.27899796,False,8,640.0,993.0
250,C.248,13,10,0,501414.19599868945,4789835.195092675,False,13,587.0,838.0
251,C.249,13,10,0,500092.53487785667,4788515.874652321,False,11,666.0,1106.0
252,C.250,13,10,0,499945.4835595601,4790024.5319573935,False,7,574.0,888.0
253,C.251,13,10,3,500501.5022055481,4788023.536231951,False,7,601.0,936.0
254,C.252,13,5,3,498968.43850787013,4785619.070268795,False,10,490.0,970.0
255,C.253,13,5,5,500712.50866999984,4787070.491556563,False,10,547.0,979.0
256,C.254,13,5,0,500096.8132949993,4785344.854150542,False,8,602.0,1091.0
257,C.255,13,5,3,497808.3309166951,4788019.0636416,False,13,689.0,975.0
258,C.256,13,10,0,497967.7630002791,4788279.585036814,False,8,675.0,814.0
259,C.257,13,10,3,498994.64353665913,4786322.000804848,False,13,592.0,1025.0
260,C.258,13,5,3,498096.19220496184,4786598.336344424,False,8,577.0,1016.0
261,C.259,13,15,3,499395.46584716055,4787563.601075482,False,6,572.0,883.0
262,C.260,13,5,3,498464.91441030096,4785947.375124083,False,6,695.0,786.0
263,C.261,13,10,0,499564.13233631494,4785857.3082769085,False,9,501.0,1062.0
264,C.262,13,10,3,501375.45125111775,4788871.458457649,False,8,673.0,780.0
265,C.263,13,5,0,499622.14771573263,4787522.752741796,False,11,651.0,998.0
266,C.264,13,5,3,499317.84265411773,4786715.368770752,False,15,606.0,1009.0
267,C.265,13,10,0,500147.2911773424,4785354.557333731,False,9,613.0,951.0
268,C.266,13,5,3,498845.6962484929,4788407.921628273,False,10,649.0,866.0
269,C.267,13,15,5,500693.4971712752,4786563.67814534,False,14,504.0,820.0
270,C.268,13,10,5,500275.65554374893,4789617.921335044,False,8,664.0,902.0
271,C.269,13,15,5,499728.0386744583,4788416.272117232,False,6,564.0,1110.0
272,C.270,14,5,3,495964.5297747113,4794157.626526011,False,14,534.0,1077.0
273,C.271,14,10,3,496075.7339634422,4794806.8660261715,False,13,623.0,957.0
274,C.272,14,10,3,499000.5213955332,4794152.104819935,False,14,574.0,842.0
275,C.273,14,10,5,496833.18866379856,4795062.858172529,False,11,621.0,944.0
276,C.274,15,5,0,500390.7116541781,4792683.8123867195,False,8,646.0,966.0
277,C.275,15,10,10,501532.3095766138,4794124.0641476605,False,7,635.0,988.0
278,C.276,15,10,5,500015.41107611306,4794530.383816425,False,14,703.0,1006.0
279,C.277,15,10,3,499419.92035997246,4792848.535512425,False,7,699.0,827.0
280,C.278,15,5,0,500062.91836405173,4793408.442736421,False,13,658.0,1003.0
281,C.279,15,15,0,500055.59932213114,4791557.626550937,False,9,598.0,782.0
282,C.280,15,5,5,500388.6594217672,4794745.82923415,False,7,656.0,954.0
283,C.281,15,15,0,501243.1483456687,4793399.002157216,False,9,488.0,878.0
284,C.282,15,15,5,501177.5907609663,4794625.477012017,False,6,665.0,895.0
285,C.283,15,15,0,501921.2904110303,4793904.859421455,False,15,652.0,1049.0
286,C.284,16,10,0,500584.5017252302,4797920.9826180395,False,8,629.0,1032.0
287,C.285,16,10,5,498895.336640777,4797316.583735457,False,14,639.0,1096.0
288,C.286,16,20,3,499108.7568671403,4797016.890671998,False,6,676.0,874.0
289,C.287,16,5,3,497694.9245787899,4800006.399937739,False,6,694.0,1052.0
290,C.288,16,10,3,500131.56382060563,4796588.693717608,False,12,676.0,803.0
291,C.289,16,10,0,503540.5984438175,4796569.385288726,False,5,521.0,895.0
292,C.290,16,10,3,499261.1631325784,4798547.974568877,False,11,532.0,930.0
293,C.291,16,5,0,497648.9817398961,4797864.364533705,False,9,703.0,1117.0
294,C.292,16,10,5,501961.9027035026,4798488.71870515,False,15,666.0,829.0
295,C.293,16,15,5,503643.1614431561,4797090.44325881,False,12,553.0,985.0
296,C.294,16,5,0,501164.2052783118,4797330.531140415,False,5,518.0,1114.0
297,C.295,16,15,3,501153.17887366394,4799231.322735594,False,15,601.0,858.0
298,C.296,16,5,3,500434.8415116275,4795947.055104503,False,11,494.0,849.0
299,C.297,16,5,0,498653.5913233879,4796826.74754709,False,9,678.0,806.0
300,C.298,16,5,10,499065.84569870785,4797908.10488571,False,8,636.0,1050.0
301,C.299,16,5,0,500426.59600472177,4796715.167015894,False,11,602.0,829.0
302,C.300,16,15,0,500196.5535919643,4796266.0249448605,False,14,590.0,1071.0
303,C.301,16,5,3,500668.4924866761,4797692.381415344,False,6,610.0,1026.0
304,C.302,16,10,3,501801.88978871383,4798553.16679979,False,5,562.0,1043.0
305,C.303,16,5,3,500108.4946016996,4796781.198764633,False,5,489.0,858.0
306,C.304,16,10,3,501826.36010768556,4796747.892455027,False,15,571.0,969.0
307,C.305,16,10,3,500116.3523481167,4796172.97436918,False,5,508.0,826.0
308,C.306,16,5,3,502052.58751143893,4796595.027787914,False,9,686.0,1140.0
309,C.307,16,5,0,500910.3410804881,4798250.527295796,False,14,514.0,1133.0
310,C.308,16,15,0,500283.7035908942,4797047.475444833,False,11,485.0,1131.0
311,C.309,16,5,0,500889.8528726587,4795984.211206884,False,6,619.0,968.0
312,C.310,16,10,0,500454.4533894109,4797265.034856388,False,14,590.0,1035.0
313,C.311,16,5,3,500942.46108521597,4798211.632813184,False,12,517.0,1001.0
314,C.312,16,10,0,501716.427438221,4796275.9372037435,False,8,556.0,1020.0
315,C.313,16,5,0,500702.04128190124,4795355.873736486,False,7,572.0,1048.0
316,C.314,16,10,0,500363.21737657546,4799579.190191847,False,14,626.0,780.0
317,C.315,16,5,5,499458.480554107,4795295.964779948,False,15,546.0,813.0
318,C.316,16,20,5,501501.7136231501,4796519.372923373,False,12,615.0,858.0
319,C.317,16,5,3,501224.6266716833,4797228.754214231,False,6,487.0,1015.0
320,C.318,16,10,5,499388.36857888696,4796623.286758507,False,15,601.0,1113.0
321,C.319,16,10,3,501809.2931335049,4796860.306986414,False,15,563.0,1128.0
322,C.320,16,5,3,499368.8791608772,4797642.40580145,False,7,654.0,877.0
323,C.321,16,10,0,502041.7661494807,4794080.134010745,False,7,611.0,861.0
324,C.322,16,5,3,501632.13599262445,4795429.926634172,False,14,658.0,971.0
325,C.323,16,15,3,501310.2986271177,4797003.311263285,False,15,564.0,1032.0
326,C.324,16,15,3,500354.3058089996,4796465.139585632,False,5,674.0,817.0
327,C.325,16,15,3,501497.63573919976,4797105.493509931,False,10,524.0,793.0
328,C.326,16,5,3,502098.3463942894,4797223.383939158,False,6,615.0,1126.0
329,C.327,16,10,3,501517.5223053298,4794411.096005435,False,5,566.0,1089.0
330,C.328,16,10,5,500002.3999739285,4798478.568398582,False,6,495.0,988.0
331,C.329,16,15,0,501127.58837882656,4796352.27854028,False,10,556.0,1136.0
332,C.330,16,10,3,502165.14198355406,4795911.584178269,False,8,674.0,868.0
333,C.331,16,15,0,503445.61781666806,4797200.226355151,False,10,719.0,835.0
334,C.332,16,10,3,500560.44443060097,4797078.792273339,False,13,488.0,873.0
335,C.333,16,10,3,501836.15972735774,4798386.228981186,False,14,539.0,872.0
336,C.334,16,5,0,502168.0766241012,4797276.447795324,False,14,557.0,1119.0
337,C.335,16,10,3,499831.8140012123,4798339.933017629,False,12,556.0,864.0
338,C.336,16,10,0,502945.1939816738,4795824.387149487,False,5,550.0,1024.0
339,C.337,16,10,3,499528.47837909986,4797120.4332662495,False,12,494.0,801.0
340,C.338,17,10,0,498343.70275121013,4786774.639334682,False,13,550.0,1070.0
341,C.339,17,10,3,499798.61102667236,4785895.1605362445,False,10,581.0,1051.0
342,C.340,17,5,0,499544.25445327774,4787584.618775081,False,14,705.0,1085.0
343,C.341,17,10,3,499492.64308975893,4787774.379966145,False,9,648.0,901.0
344,C.342,17,10,0,499503.16693716607,4786955.606691542,False,10,501.0,907.0
345,C.343,17,10,5,500565.06736422156,4788142.367821625,False,10,631.0,892.0
346,C.344,17,5,5,497752.56841159693,4786600.203988222,False,13,592.0,1052.0
347,C.345,17,5,10,498601.654564659,4786302.596480978,False,8,708.0,1115.0
348,C.346,17,5,3,499632.7138079058,4788657.8715165835,False,6,651.0,909.0
349,C.347,17,10,3,498267.00429263455,4788663.517151849,False,15,480.0,911.0
350,C.348,17,5,0,499736.73692744126,4786623.888272997,False,15,489.0,864.0
351,C.349,17,10,0,499620.3769745107,4789447.720588486,False,13,714.0,1129.0
352,C.350,17,15,0,497996.8920259369,4787040.571968963,False,6,687.0,860.0
353,C.351,17,5,3,497937.6018244949,4787486.839437572,False,14,589.0,1104.0
354,C.352,17,10,5,496532.85411734093,4787283.516949781,False,13,679.0,848.0
355,C.353,17,10,0,498216.59594038175,4788013.612260935,False,6,663.0,927.0
356,C.354,17,15,5,499698.58790985274,4787710.805792561,False,12,592.0,795.0
357,C.355,17,10,3,499868.8253875291,4787694.654593898,False,13,696.0,1086.0
358,C.356,17,10,3,499923.6794715542,4786161.626041936,False,14,529.0,884.0
359,C.357,17,15,0,498747.89742479916,4785358.825219852,False,13,491.0,944.0
360,C.358,17,10,0,499659.4358191742,4788755.692033903,False,14,568.0,980.0
361,C.359,17,15,3,500158.0935310898,4786730.564801272,False,13,688.0,976.0
362,C.360,17,5,3,498159.7573405986,4787326.259951879,False,6,667.0,964.0
363,C.361,17,15,0,499829.3948892687,4787777.258691868,False,8,633.0,1101.0
364,C.362,17,10,3,500469.17745420214,4789339.911524019,False,11,717.0,1044.0
365,C.363,17,10,5,499092.4734442126,4787578.729509571,False,6,591.0,879.0
366,C.364,17,5,5,500956.08119641955,4786911.342924491,False,5,557.0,1121.0
367,C.365,17,10,5,499120.4787874101,4786756.846742456,False,7,648.0,1099.0
368,C.366,17,5,0,498649.32697385235,4787340.271790509,False,8,643.0,993.0
369,C.367,17,15,0,500349.6094142635,4786293.862276431,False,12,600.0,1057.0
370,C.368,17,15,3,502121.35252335976,4787419.750867778,False,10,502.0,941.0
371,C.369,17,5,0,499783.8243426654,4787322.67637385,False,15,650.0,936.0
372,C.370,17,15,0,500443.28936493647,4789354.932338373,False,6,613.0,1030.0
373,C.371,18,10,0,496833.97863369086,4793450.863613764,False,13,718.0,876.0
374,C.372,18,10,0,494624.9142067414,4793753.696545173,False,6,676.0,797.0
375,C.373,18,5,0,500142.51316447573,4795640.835211427,False,9,650.0,1106.0
376,C.374,18,5,0,498082.5004773873,4793738.777152323,False,8,504.0,876.0
377,C.375,18,5,0,499433.1184929147,4797461.291647913,False,11,497.0,780.0
378,C.376,18,5,0,495545.51601561863,4795325.684727617,False,12,669.0,995.0
379,C.377,18,15,3,496668.10786249244,4796075.032455794,False,9,620.0,911.0
380,C.378,18,5,3,497743.5814897932,4795361.52869936,False,14,522.0,1039.0
381,C.379,18,15,3,497577.96964674135,4796230.72358055,False,9,557.0,904.0
382,C.380,18,5,0,497302.62524883146,4793732.000000553,False,6,507.0,861.0
383,C.381,18,10,0,494294.7671377993,4796509.920245839,False,12,625.0,1062.0
384,C.382,18,10,3,494879.3726509228,4794942.726662709,False,6,538.0,950.0
385,C.383,18,15,3,498755.32413087663,4796224.7193331625,False,14,667.0,838.0
386,C.384,18,5,3,498968.69543944363,4793046.123135949,False,10,542.0,811.0
387,C.385,18,10,0,496806.31845027633,4794990.29984793,False,12,664.0,940.0
388,C.386,18,10,5,498602.8129692876,4794947.886460138,False,10,571.0,1063.0
389,C.387,18,5,0,495706.42668062804,4794030.5162420245,False,8,658.0,885.0
390,C.388,18,5,0,495980.98873583757,4795149.342595696,False,8,535.0,884.0
391,C.389,19,10,3,505794.0282176018,4797227.64079871,False,10,634.0,1007.0
392,C.390,19,10,3,503111.1171692443,4795963.972622912,False,8,639.0,967.0
393,C.391,19,10,0,505100.72522744595,4795626.235813275,False,12,590.0,849.0
394,C.392,19,5,0,502593.5923326242,4796109.019528583,False,13,616.0,1097.0
395,C.393,19,10,3,506477.83351357095,4794993.763043975,False,5,711.0,1069.0
396,C.394,19,10,0,504888.02038212406,4793216.09931333,False,8,703.0,866.0
397,C.395,20,10,0,501018.57921576017,4795037.955231561,False,8,691.0,835.0
398,C.396,20,15,0,499575.09599848033,4793993.411193197,False,6,699.0,892.0
399,C.397,20,10,5,499159.7057015447,4791884.806350912,False,10,704.0,792.0
400,C.398,20,10,0,501245.25180212635,4793966.913059432,False,7,547.0,797.0
401,C.399,20,5,10,500146.7698301204,4795435.086258306,False,11,525.0,961.0
402,C.400,20,10,3,501714.9452879268,4793083.307066454,False,15,705.0,892.0
403,C.401,20,5,10,499534.97107748914,4794375.269235743,False,15,719.0,1008.0
404,C.402,20,10,5,499916.7052281834,4792638.335701813,False,9,546.0,950.0
405,C.403,21,10,0,496770.16007003665,4795022.7792024845,False,8,633.0,1074.0
406,C.404,21,15,0,498242.1026437405,4796045.52866727,False,9,615.0,968.0
407,C.405,21,5,0,497197.378001306,4792518.127246387,False,12,485.0,858.0
408,C.406,21,10,0,498481.42383525876,4793346.712561035,False,7,687.0,925.0
409,C.407,21,10,3,497444.6628850734,4794995.375924917,False,11,503.0,961.0
410,C.408,21,5,0,499596.787612641,4795326.103675327,False,10,655.0,1065.0
411,C.409,21,5,0,495056.40395693685,4795659.296449891,False,5,710.0,1029.0
412,C.410,21,5,0,496673.6679799268,4794906.667374665,False,11,573.0,1133.0
413,C.411,21,5,5,495632.8594480495,4795327.414886018,False,11,652.0,1093.0
414,C.412,21,5,0,495714.8009906501,4795857.776850249,False,5,492.0,975.0
415,C.413,21,5,0,495725.67956743273,4794276.250277875,False,13,676.0,1102.0
416,C.414,21,5,0,497135.5709864615,4794043.296696792,False,10,504.0,850.0
417,C.415,21,10,5,497205.86112178623,4794571.392042878,False,6,627.0,1027.0
418,C.416,21,10,3,497447.2471099941,4795012.985530732,False,9,597.0,925.0
419,C.417,21,20,0,495586.6273278265,4793983.6718681585,False,15,561.0,885.0
420,C.418,21,10,0,496545.23021720204,4794301.091220232,False,8,590.0,1042.0
421,C.419,21,10,0,495777.14643229236,4795250.842124608,False,11,561.0,1075.0
422,C.420,21,15,0,498057.35786752607,4794962.900937235,False,12,545.0,849.0
423,C.421,21,10,5,495889.9789397828,4794551.19545262,False,15,681.0,972.0
424,C.422,21,10,3,496677.84541760496,4792684.316827924,False,15,524.0,847.0
425,C.423,21,10,0,497606.6677295877,4794769.39040959,False,5,593.0,1084.0
426,C.424,21,5,5,496195.5455906029,4793609.595238989,False,9,654.0,831.0
427,C.425,21,5,0,497766.9541339768,4795953.299246247,False,7,542.0,1064.0
428,C.426,21,10,3,498849.59568263975,4794403.134616066,False,5,555.0,1113.0
429,C.427,21,10,5,497161.9540744706,4793578.121532532,False,7,718.0,788.0
430,C.428,21,5,0,498016.23309748207,4794699.748071344,False,10,684.0,1030.0
431,C.429,21,15,3,494446.19493327633,4796298.439502111,False,11,593.0,1111.0
432,C.430,21,10,0,496419.43768778257,4795530.579018973,False,12,590.0,1077.0
433,C.431,21,10,0,497156.18098031473,4795037.500580727,False,15,662.0,963.0
434,C.432,21,15,0,495670.7419059196,4793182.285929143,False,8,682.0,958.0
435,C.433,22,10,0,505892.4201197196,4793621.177908764,False,7,626.0,977.0
436,C.434,22,20,3,503200.5473911569,4794141.56594904,False,9,514.0,907.0
437,C.435,22,10,5,505067.04069544683,4796034.995808004,False,13,710.0,799.0
438,C.436,22,5,3,503556.0645459783,4796304.349547345,False,10,532.0,1107.0
439,C.437,22,10,5,504951.5094469799,4797460.301071863,False,13,505.0,844.0
440,C.438,22,10,5,505514.74891505035,4797416.334230216,False,10,717.0,961.0
441,C.439,22,10,0,504724.26472388906,4796101.075251857,False,6,493.0,1020.0
442,C.440,22,20,0,504853.5259517119,4796390.713209761,False,9,597.0,803.0
443,C.441,22,10,0,503828.37321661325,4795314.822508823,False,15,524.0,862.0
444,C.442,22,10,3,503425.74062951264,4795781.337822415,False,13,651.0,1098.0
445,C.443,22,15,5,504112.458427743,4797489.82365782,False,12,695.0,964.0
446,C.444,22,10,0,503538.60259307694,4795602.955441669,False,11,712.0,1095.0
447,C.445,22,10,3,506907.144452975,4796541.386294254,False,5,672.0,878.0
448,C.446,22,15,3,502755.67005621135,4794036.278069706,False,8,530.0,841.0
449,C.447,22,5,3,505149.0022599085,4794358.01353089,False,11,650.0,1065.0
450,C.448,22,10,0,504567.1362014468,4795531.983517354,False,15,598.0,801.0
451,C.449,22,15,0,504222.34664974874,4795337.418004076,False,11,693.0,991.0
452,C.450,22,10,0,505722.3633198966,4794413.578975114,False,10,630.0,905.0
453,C.451,22,10,0,504304.5529431214,4798046.353100717,False,12,663.0,821.0
454,C.452,22,10,0,503184.6116963091,4795364.612924698,False,15,498.0,877.0
455,C.453,22,10,3,504296.5764527041,4794626.229937378,False,10,561.0,810.0
456,C.454,22,15,0,503726.68607731373,4795339.442592833,False,14,555.0,937.0
457,C.455,22,5,5,504550.44160257996,4795188.012043134,False,7,662.0,891.0
458,C.456,22,5,3,504922.1883579554,4795382.863057469,False,8,699.0,1026.0
459,C.457,22,5,3,502915.5944691631,4793245.039581579,False,7,571.0,901.0
460,C.458,22,10,0,505380.9033416034,4796707.83603588,False,5,667.0,1052.0
461,C.459,22,10,3,503640.6201861579,4796776.095304527,False,14,666.0,1073.0
462,C.460,22,15,5,504478.8367072186,4796921.884926444,False,9,512.0,986.0
463,C.461,22,10,0,504686.93620438484,4795548.018110244,False,5,626.0,889.0
464,C.462,22,10,0,504387.36642875674,4795952.477272198,False,5,507.0,1057.0
465,C.463,22,5,3,503815.5697788169,4794118.027662391,False,6,602.0,835.0
466,C.464,22,10,0,503360.1829016088,4796156.979194317,False,8,659.0,836.0
467,C.465,22,10,0,503623.706591236,4795459.645248272,False,10,605.0,1070.0
468,C.466,22,5,0,505824.7063190347,4794605.012061233,False,12,656.0,893.0
469,C.467,22,5,0,502907.46027544513,4796195.193629969,False,7,516.0,1087.0
470,C.468,22,5,3,503083.4079944444,4796241.638843309,False,5,633.0,1120.0
471,C.469,22,5,0,503030.72141222755,4795230.23060281,False,7,578.0,977.0
472,C.470,22,10,5,504109.4046559012,4795683.559096154,False,7,577.0,1100.0
473,C.471,22,5,3,502116.8534600146,4793919.43958568,False,9,606.0,958.0
474,C.472,22,10,3,502322.22817263874,4796649.320124657,False,15,706.0,998.0
475,C.473,22,15,3,503633.3542004489,4794078.924174358,False,8,647.0,1056.0
476,C.474,22,10,5,502401.16946564213,4794310.989222305,False,8,559.0,795.0
477,C.475,22,20,0,502498.97442886065,4795232.278774517,False,13,517.0,840.0
478,C.476,23,10,5,498271.71954106214,4793790.803971809,False,11,556.0,833.0
479,C.477,23,10,3,498271.0383598588,4791664.944832255,False,8,605.0,947.0
480,C.478,23,20,3,496928.5104537138,4794714.841773173,False,7,566.0,805.0
481,C.479,23,5,3,497861.91603470454,4794810.827524399,False,10,533.0,1115.0
482,C.480,23,15,0,494907.42986080534,4795521.826523541,False,7,629.0,844.0
483,C.481,23,5,0,496071.11601184454,4794512.551101699,False,10,495.0,879.0
484,C.482,23,10,3,496095.55947264365,4792986.799573851,False,15,507.0,853.0
485,C.483,23,5,0,498436.9554917118,4793786.682107294,False,15,719.0,971.0
486,C.484,23,10,3,497719.8849954896,4796353.950604023,False,13,642.0,950.0
487,C.485,23,10,0,497155.8833310855,4793769.646484851,False,10,667.0,1052.0
488,C.486,23,10,0,497272.3820765952,4796673.47063563,False,8,652.0,966.0
489,C.487,23,5,0,498816.3071312361,4796033.581151085,False,9,525.0,802.0
490,C.488,23,5,0,496730.08440019214,4794392.263274796,False,10,551.0,960.0
491,C.489,23,5,3,495357.41922975914,4793898.705004277,False,15,715.0,1106.0
492,C.490,23,5,0,498238.93422127434,4796031.095562956,False,7,662.0,887.0
493,C.491,23,15,10,497152.50684464606,4794484.506505887,False,12,693.0,1114.0
494,C.492,23,5,3,498078.70601379895,4792918.819832359,False,8,564.0,941.0
495,C.493,23,15,0,496880.58223113616,4795448.379944747,False,12,505.0,1081.0
496,C.494,23,15,3,495927.8725715553,4795274.316137429,False,14,711.0,985.0
497,C.495,23,5,5,497417.68606529955,4796138.847443257,False,14,564.0,857.0
498,C.496,23,10,3,496946.5100848897,4795193.113999232,False,7,632.0,795.0
499,C.497,23,5,0,497156.23073944927,4794114.623627544,False,14,712.0,1106.0
500,C.498,23,5,5,498874.1845929409,4796297.214607522,False,11,544.0,875.0
501,C.499,23,5,3,495615.85702713835,4796413.988519214,False,15,613.0,926.0
502,C.500,23,10,0,497277.40239257115,4795053.447156782,False,13,630.0,781.0
